Workbook

Sheet R1
A3: User: USER | D3: Path: C:\Program Files (x86)\BMG\Omega\User\Data\ | K3: Test ID: 696
A4: Test Name: RFPSCAN | I4: Date: 8/1/2025 | K4: Time: 2:35:20 PM
A5: Fluorescence (FI)
B9: Raw Data (Average) (544, 590-10)
B10: 1 | C10: 2 | D10: 3 | E10: 4 | F10: 5 | G10: 6 | H10: 7 | I10: 8 | J10: 9 | K10: 10 | L10: 11 | M10: 12 | O10: Average
A11: A | B11: 593 | C11: 606 | D11: 619 | E11: 850 | F11: 570 | G11: 589 | H11: 683 | I11: 595 | J11: 587 | K11: 633 | L11: 979 | M11: 580 | O11: of all valid scan points used
A12: B | B12: 567 | C12: 580 | D12: 626 | E12: 852 | F12: 574 | G12: 581 | H12: 656 | I12: 585 | J12: 586 | K12: 626 | L12: 934 | M12: 569
A13: C | B13: 567 | C13: 582 | D13: 624 | E13: 850 | F13: 565 | G13: 582 | H13: 676 | I13: 575 | J13: 588 | K13: 627 | L13: 986 | M13: 585
A14: D | B14: 589 | C14: 585 | D14: 621 | E14: 849 | F14: 577 | G14: 583 | H14: 673 | I14: 570 | J14: 596 | K14: 621 | L14: 894 | M14: 576
A15: E | B15: 570 | C15: 591 | D15: 685 | E15: 563 | F15: 577 | G15: 620 | H15: 806 | I15: 583 | J15: 584 | K15: 720 | M15: 573
A16: F | B16: 571 | C16: 595 | D16: 689 | E16: 559 | F16: 576 | G16: 620 | H16: 825 | I16: 579 | J16: 596 | K16: 731 | M16: 578
A17: G | B17: 577 | C17: 601 | D17: 706 | E17: 564 | F17: 572 | G17: 607 | H17: 802 | I17: 585 | J17: 598 | K17: 729 | M17: 583
A18: H | B18: 582 | C18: 596 | D18: 699 | E18: 560 | F18: 572 | G18: 589 | H18: 790 | I18: 584 | J18: 593 | K18: 707 | M18: 582

Sheet R2
A3: User: USER | D3: Path: C:\Program Files (x86)\BMG\Omega\User\Data\ | K3: Test ID: 697
A4: Test Name: RFPSCAN | I4: Date: 8/1/2025 | K4: Time: 2:45:37 PM
A5: Fluorescence (FI)
B9: Raw Data (Average) (544, 590-10)
B10: 1 | C10: 2 | D10: 3 | E10: 4 | F10: 5 | G10: 6 | H10: 7 | I10: 8 | J10: 9 | K10: 10 | L10: 11 | M10: 12 | O10: Average
A11: A | B11: 582 | C11: 600 | D11: 624 | E11: 837 | F11: 579 | G11: 602 | H11: 706 | I11: 604 | J11: 599 | K11: 641 | L11: 977 | M11: 589 | O11: of all valid scan points used
A12: B | B12: 573 | C12: 584 | D12: 629 | E12: 862 | F12: 586 | G12: 596 | H12: 684 | I12: 584 | J12: 598 | K12: 639 | L12: 978 | M12: 589
A13: C | B13: 575 | C13: 586 | D13: 628 | E13: 858 | F13: 578 | G13: 596 | H13: 686 | I13: 572 | J13: 594 | K13: 633 | L13: 1014 | M13: 594
A14: D | B14: 594 | C14: 589 | D14: 630 | E14: 865 | F14: 581 | G14: 593 | H14: 687 | I14: 582 | J14: 608 | K14: 626 | L14: 910 | M14: 582
A15: E | B15: 581 | C15: 594 | D15: 697 | E15: 565 | F15: 577 | G15: 628 | H15: 832 | I15: 588 | J15: 603 | K15: 737 | M15: 576
A16: F | B16: 584 | C16: 603 | D16: 695 | E16: 568 | F16: 580 | G16: 624 | H16: 849 | I16: 589 | J16: 602 | K16: 739 | M16: 587
A17: G | B17: 577 | C17: 604 | D17: 716 | E17: 571 | F17: 579 | G17: 618 | H17: 827 | I17: 584 | J17: 601 | K17: 743 | M17: 589
A18: H | B18: 588 | C18: 603 | D18: 702 | E18: 565 | F18: 581 | G18: 597 | H18: 798 | I18: 584 | J18: 601 | K18: 711 | M18: 592

Sheet R3
A3: User: USER | D3: Path: C:\Program Files (x86)\BMG\Omega\User\Data\ | K3: Test ID: 698
A4: Test Name: RFPSCAN | I4: Date: 8/1/2025 | K4: Time: 2:57:36 PM
A5: Fluorescence (FI)
B9: Raw Data (Average) (544, 590-10)
B10: 1 | C10: 2 | D10: 3 | E10: 4 | F10: 5 | G10: 6 | H10: 7 | I10: 8 | J10: 9 | K10: 10 | L10: 11 | M10: 12 | O10: Average
A11: A | B11: 599 | C11: 605 | D11: 626 | E11: 847 | F11: 585 | G11: 602 | H11: 706 | I11: 596 | J11: 591 | K11: 641 | L11: 985 | M11: 585 | O11: of all valid scan points used
A12: B | B12: 578 | C12: 590 | D12: 629 | E12: 866 | F12: 581 | G12: 595 | H12: 683 | I12: 590 | J12: 598 | K12: 635 | L12: 983 | M12: 591
A13: C | B13: 578 | C13: 587 | D13: 635 | E13: 868 | F13: 584 | G13: 595 | H13: 682 | I13: 584 | J13: 596 | K13: 640 | L13: 1018 | M13: 592
A14: D | B14: 605 | C14: 594 | D14: 640 | E14: 869 | F14: 581 | G14: 595 | H14: 690 | I14: 581 | J14: 605 | K14: 629 | L14: 912 | M14: 584
A15: E | B15: 583 | C15: 597 | D15: 694 | E15: 570 | F15: 588 | G15: 622 | H15: 833 | I15: 591 | J15: 603 | K15: 740 | M15: 587
A16: F | B16: 582 | C16: 605 | D16: 695 | E16: 572 | F16: 581 | G16: 632 | H16: 855 | I16: 590 | J16: 606 | K16: 749 | M16: 590
A17: G | B17: 578 | C17: 603 | D17: 721 | E17: 570 | F17: 588 | G17: 621 | H17: 834 | I17: 590 | J17: 605 | K17: 746 | M17: 590
A18: H | B18: 583 | C18: 599 | D18: 689 | E18: 563 | F18: 578 | G18: 598 | H18: 813 | I18: 587 | J18: 601 | K18: 714 | M18: 589

Sheet Results
P1: Quencher/Flourescent | Q1: Target | R1: Mean Intensity | S1: STD
B2: =AVERAGE('R1'!B11,'R2'!B11,'R3'!B11) -> 591.33333 | C2: =AVERAGE('R1'!C11,'R2'!C11,'R3'!C11) -> 603.66667 | D2: =AVERAGE('R1'!D11,'R2'!D11,'R3'!D11) -> 623 | E2: =AVERAGE('R1'!E11,'R2'!E11,'R3'!E11) -> 844.66667 | F2: =AVERAGE('R1'!F11,'R2'!F11,'R3'!F11) -> 578 | G2: =AVERAGE('R1'!G11,'R2'!G11,'R3'!G11) -> 597.66667 | H2: =AVERAGE('R1'!H11,'R2'!H11,'R3'!H11) -> 698.33333 | I2: =AVERAGE('R1'!I11,'R2'!I11,'R3'!I11) -> 598.33333 | ... M2: =AVERAGE('R1'!M11,'R2'!M11,'R3'!M11) -> 584.66667 | P2: 0.5/0.5 | Q2: 0 | R2: =AVERAGE(B13:B16) -> 4.6666667 | S2: =_xlfn.STDEV.P(B13:B16) -> 10.466879
B3: =AVERAGE('R1'!B12,'R2'!B12,'R3'!B12) -> 572.66667 | C3: =AVERAGE('R1'!C12,'R2'!C12,'R3'!C12) -> 584.66667 | D3: =AVERAGE('R1'!D12,'R2'!D12,'R3'!D12) -> 628 | E3: =AVERAGE('R1'!E12,'R2'!E12,'R3'!E12) -> 860 | F3: =AVERAGE('R1'!F12,'R2'!F12,'R3'!F12) -> 580.33333 | G3: =AVERAGE('R1'!G12,'R2'!G12,'R3'!G12) -> 590.66667 | H3: =AVERAGE('R1'!H12,'R2'!H12,'R3'!H12) -> 674.33333 | I3: =AVERAGE('R1'!I12,'R2'!I12,'R3'!I12) -> 586.33333 | ... M3: =AVERAGE('R1'!M12,'R2'!M12,'R3'!M12) -> 583 | P3: 0.5/0.5 | Q3: 0.0025 | R3: =AVERAGE(B17:B20) -> 1 | S3: =_xlfn.STDEV.P(B17:B20) -> 2.7588242
B4: =AVERAGE('R1'!B13,'R2'!B13,'R3'!B13) -> 573.33333 | C4: =AVERAGE('R1'!C13,'R2'!C13,'R3'!C13) -> 585 | D4: =AVERAGE('R1'!D13,'R2'!D13,'R3'!D13) -> 629 | E4: =AVERAGE('R1'!E13,'R2'!E13,'R3'!E13) -> 858.66667 | F4: =AVERAGE('R1'!F13,'R2'!F13,'R3'!F13) -> 575.66667 | G4: =AVERAGE('R1'!G13,'R2'!G13,'R3'!G13) -> 591 | H4: =AVERAGE('R1'!H13,'R2'!H13,'R3'!H13) -> 681.33333 | I4: =AVERAGE('R1'!I13,'R2'!I13,'R3'!I13) -> 577 | ... M4: =AVERAGE('R1'!M13,'R2'!M13,'R3'!M13) -> 590.33333 | P4: 0.5/0.5 | Q4: 0.005 | R4: =AVERAGE(C13:C16) -> 12 | S4: =_xlfn.STDEV.P(C13:C16) -> 7.7280154
B5: =AVERAGE('R1'!B14,'R2'!B14,'R3'!B14) -> 596 | C5: =AVERAGE('R1'!C14,'R2'!C14,'R3'!C14) -> 589.33333 | D5: =AVERAGE('R1'!D14,'R2'!D14,'R3'!D14) -> 630.33333 | E5: =AVERAGE('R1'!E14,'R2'!E14,'R3'!E14) -> 861 | F5: =AVERAGE('R1'!F14,'R2'!F14,'R3'!F14) -> 579.66667 | G5: =AVERAGE('R1'!G14,'R2'!G14,'R3'!G14) -> 590.33333 | H5: =AVERAGE('R1'!H14,'R2'!H14,'R3'!H14) -> 683.33333 | I5: =AVERAGE('R1'!I14,'R2'!I14,'R3'!I14) -> 577.66667 | ... M5: =AVERAGE('R1'!M14,'R2'!M14,'R3'!M14) -> 580.66667 | P5: 0.5/0.5 | Q5: 0.01 | R5: =AVERAGE(C17:C20) -> 20.583333 | S5: =_xlfn.STDEV.P(C17:C20) -> 3.2521361
B6: =AVERAGE('R1'!B15,'R2'!B15,'R3'!B15) -> 578 | C6: =AVERAGE('R1'!C15,'R2'!C15,'R3'!C15) -> 594 | D6: =AVERAGE('R1'!D15,'R2'!D15,'R3'!D15) -> 692 | E6: =AVERAGE('R1'!E15,'R2'!E15,'R3'!E15) -> 566 | F6: =AVERAGE('R1'!F15,'R2'!F15,'R3'!F15) -> 580.66667 | G6: =AVERAGE('R1'!G15,'R2'!G15,'R3'!G15) -> 623.33333 | H6: =AVERAGE('R1'!H15,'R2'!H15,'R3'!H15) -> 823.66667 | I6: =AVERAGE('R1'!I15,'R2'!I15,'R3'!I15) -> 587.33333 | ... K6: =AVERAGE('R1'!K15,'R2'!K15,'R3'!K15) -> 732.33333 | M6: =AVERAGE('R1'!M15,'R2'!M15,'R3'!M15) -> 578.66667 | P6: 0.5/0.5 | Q6: 0.02 | R6: =AVERAGE(D13:D16) -> 48.916667 | S6: =_xlfn.STDEV.P(D13:D16) -> 2.7726341
B7: =AVERAGE('R1'!B16,'R2'!B16,'R3'!B16) -> 579 | C7: =AVERAGE('R1'!C16,'R2'!C16,'R3'!C16) -> 601 | D7: =AVERAGE('R1'!D16,'R2'!D16,'R3'!D16) -> 693 | E7: =AVERAGE('R1'!E16,'R2'!E16,'R3'!E16) -> 566.33333 | F7: =AVERAGE('R1'!F16,'R2'!F16,'R3'!F16) -> 579 | G7: =AVERAGE('R1'!G16,'R2'!G16,'R3'!G16) -> 625.33333 | H7: =AVERAGE('R1'!H16,'R2'!H16,'R3'!H16) -> 843 | I7: =AVERAGE('R1'!I16,'R2'!I16,'R3'!I16) -> 586 | ... K7: =AVERAGE('R1'!K16,'R2'!K16,'R3'!K16) -> 739.66667 | M7: =AVERAGE('R1'!M16,'R2'!M16,'R3'!M16) -> 585 | P7: 0.5/0.5 | Q7: 0.05 | R7: =AVERAGE(D17:D20) -> 120.33333 | S7: =_xlfn.STDEV.P(D17:D20) -> 9.0215791
B8: =AVERAGE('R1'!B17,'R2'!B17,'R3'!B17) -> 577.33333 | C8: =AVERAGE('R1'!C17,'R2'!C17,'R3'!C17) -> 602.66667 | D8: =AVERAGE('R1'!D17,'R2'!D17,'R3'!D17) -> 714.33333 | E8: =AVERAGE('R1'!E17,'R2'!E17,'R3'!E17) -> 568.33333 | F8: =AVERAGE('R1'!F17,'R2'!F17,'R3'!F17) -> 579.66667 | G8: =AVERAGE('R1'!G17,'R2'!G17,'R3'!G17) -> 615.33333 | H8: =AVERAGE('R1'!H17,'R2'!H17,'R3'!H17) -> 821 | I8: =AVERAGE('R1'!I17,'R2'!I17,'R3'!I17) -> 586.33333 | ... K8: =AVERAGE('R1'!K17,'R2'!K17,'R3'!K17) -> 739.33333 | M8: =AVERAGE('R1'!M17,'R2'!M17,'R3'!M17) -> 587.33333 | P8: 0.5/0.5 | Q8: 0.1 | R8: =AVERAGE(E13:E16) -> 277.41667 | S8: =_xlfn.STDEV.P(E13:E16) -> 6.6431878
B9: =AVERAGE('R1'!B18,'R2'!B18,'R3'!B18) -> 584.33333 | C9: =AVERAGE('R1'!C18,'R2'!C18,'R3'!C18) -> 599.33333 | D9: =AVERAGE('R1'!D18,'R2'!D18,'R3'!D18) -> 696.66667 | E9: =AVERAGE('R1'!E18,'R2'!E18,'R3'!E18) -> 562.66667 | F9: =AVERAGE('R1'!F18,'R2'!F18,'R3'!F18) -> 577 | G9: =AVERAGE('R1'!G18,'R2'!G18,'R3'!G18) -> 594.66667 | H9: =AVERAGE('R1'!H18,'R2'!H18,'R3'!H18) -> 800.33333 | I9: =AVERAGE('R1'!I18,'R2'!I18,'R3'!I18) -> 585 | ... K9: =AVERAGE('R1'!K18,'R2'!K18,'R3'!K18) -> 710.66667 | M9: =AVERAGE('R1'!M18,'R2'!M18,'R3'!M18) -> 587.66667 | P9: 1/0.5 | Q9: 0 | R9: =AVERAGE(E17:E20) -> -12.833333 | S9: =_xlfn.STDEV.P(E17:E20) -> 2.0344259
P10: 1/0.5 | Q10: 0.0025 | R10: =AVERAGE(F13:F16) -> -0.25 | S10: =_xlfn.STDEV.P(F13:F16) -> 1.8008486
P11: 1/0.5 | Q11: 0.005 | R11: =AVERAGE(F17:F20) -> 0.41666667 | S11: =_xlfn.STDEV.P(F17:F20) -> 1.3411231
P12: 1/0.5 | Q12: 0.01 | R12: =AVERAGE(G13:G16) -> 13.75 | S12: =_xlfn.STDEV.P(G13:G16) -> 3.0402394
B13: =B2-$M$13 -> 12.666667 | C13: =C2-$M$13 -> 25 | D13: =D2-$M$13 -> 44.333333 | E13: =E2-$M$13 -> 266 | F13: =F2-$M$13 -> -0.66666667 | G13: =G2-$M$13 -> 19 | H13: =H2-$M$13 -> 119.66667 | I13: =I2-$M$13 -> 19.666667 | ... L13: =L2-$M$13 -> 401.66667 | M13: =MIN(M2:M9) -> 578.66667 | P13: 1/0.5 | Q13: 0.02 | R13: =AVERAGE(G17:G20) -> 36 | S13: =_xlfn.STDEV.P(G17:G20) -> 12.138094
B14: =B3-$M$13 -> -6 | C14: =C3-$M$13 -> 6 | D14: =D3-$M$13 -> 49.333333 | E14: =E3-$M$13 -> 281.33333 | F14: =F3-$M$13 -> 1.6666667 | G14: =G3-$M$13 -> 12 | H14: =H3-$M$13 -> 95.666667 | I14: =I3-$M$13 -> 7.6666667 | ... L14: =L3-$M$13 -> 386.33333 | P14: 1/0.5 | Q14: 0.05 | R14: =AVERAGE(H13:H16) -> 105.66667 | S14: =_xlfn.STDEV.P(H13:H16) -> 8.7464278
B15: =B4-$M$13 -> -5.3333333 | C15: =C4-$M$13 -> 6.3333333 | D15: =D4-$M$13 -> 50.333333 | E15: =E4-$M$13 -> 280 | F15: =F4-$M$13 -> -3 | G15: =G4-$M$13 -> 12.333333 | H15: =H4-$M$13 -> 102.66667 | I15: =I4-$M$13 -> -1.6666667 | ... L15: =L4-$M$13 -> 427.33333 | P15: 1/0.5 | Q15: 0.1 | R15: =AVERAGE(H17:H20) -> 243.33333 | S15: =_xlfn.STDEV.P(H17:H20) -> 15.118054
B16: =B5-$M$13 -> 17.333333 | C16: =C5-$M$13 -> 10.666667 | D16: =D5-$M$13 -> 51.666667 | E16: =E5-$M$13 -> 282.33333 | F16: =F5-$M$13 -> 1 | G16: =G5-$M$13 -> 11.666667 | H16: =H5-$M$13 -> 104.66667 | I16: =I5-$M$13 -> -1 | ... L16: =L5-$M$13 -> 326.66667 | P16: 1/1 | Q16: 0 | R16: =AVERAGE(I13:I16) -> 6.1666667 | S16: =_xlfn.STDEV.P(I13:I16) -> 8.620067
B17: =B6-$M$13 -> -0.66666667 | C17: =C6-$M$13 -> 15.333333 | D17: =D6-$M$13 -> 113.33333 | E17: =E6-$M$13 -> -12.666667 | F17: =F6-$M$13 -> 2 | G17: =G6-$M$13 -> 44.666667 | H17: =H6-$M$13 -> 245 | I17: =I6-$M$13 -> 8.6666667 | ... K17: =K6-$M$13 -> 153.66667 | P17: 1/1 | Q17: 0.0025 | R17: =AVERAGE(I17:I20) -> 7.5 | S17: =_xlfn.STDEV.P(I17:I20) -> 0.83333333
B18: =B7-$M$13 -> 0.33333333 | C18: =C7-$M$13 -> 22.333333 | D18: =D7-$M$13 -> 114.33333 | E18: =E7-$M$13 -> -12.333333 | F18: =F7-$M$13 -> 0.33333333 | G18: =G7-$M$13 -> 46.666667 | H18: =H7-$M$13 -> 264.33333 | I18: =I7-$M$13 -> 7.3333333 | ... K18: =K7-$M$13 -> 161 | P18: 1/1 | Q18: 0.005 | R18: =AVERAGE(J13:J16) -> 16.833333 | S18: =_xlfn.STDEV.P(J13:J16) -> 4.3748016
B19: =B8-$M$13 -> -1.3333333 | C19: =C8-$M$13 -> 24 | D19: =D8-$M$13 -> 135.66667 | E19: =E8-$M$13 -> -10.333333 | F19: =F8-$M$13 -> 1 | G19: =G8-$M$13 -> 36.666667 | H19: =H8-$M$13 -> 242.33333 | I19: =I8-$M$13 -> 7.6666667 | ... K19: =K8-$M$13 -> 160.66667 | P19: 1/1 | Q19: 0.01 | R19: =AVERAGE(J17:J20) -> 20.75 | S19: =_xlfn.STDEV.P(J17:J20) -> 2.0052016
B20: =B9-$M$13 -> 5.6666667 | C20: =C9-$M$13 -> 20.666667 | D20: =D9-$M$13 -> 118 | E20: =E9-$M$13 -> -16 | F20: =F9-$M$13 -> -1.6666667 | G20: =G9-$M$13 -> 16 | H20: =H9-$M$13 -> 221.66667 | I20: =I9-$M$13 -> 6.3333333 | ... K20: =K9-$M$13 -> 132 | P20: 1/1 | Q20: 0.02 | R20: =AVERAGE(K13:K16) -> 53.916667 | S20: =_xlfn.STDEV.P(K13:K16) -> 4.656984
P21: 1/1 | Q21: 0.05 | R21: =AVERAGE(K17:K20) -> 151.83333 | S21: =_xlfn.STDEV.P(K17:K20) -> 11.81924
P22: 1/1 | Q22: 0.1 | R22: =AVERAGE(L13:L16) -> 385.5 | S22: =_xlfn.STDEV.P(L13:L16) -> 36.991365

Sheet Plots
A1: Quencher/Flourescent | B1: Target | C1: Mean Intensity | D1: STD
A2: 0.5/0.5 | B2: 0 | C2: 4.6666667 | D2: 10.466879
A3: 0.5/0.5 | B3: 0.0025 | C3: 1 | D3: 2.7588242
A4: 0.5/0.5 | B4: 0.005 | C4: 12 | D4: 7.7280154
A5: 0.5/0.5 | B5: 0.01 | C5: 20.583333 | D5: 3.2521361
A6: 0.5/0.5 | B6: 0.02 | C6: 48.916667 | D6: 2.7726341
A7: 0.5/0.5 | B7: 0.05 | C7: 120.33333 | D7: 9.0215791
A8: 0.5/0.5 | B8: 0.1 | C8: 277.41667 | D8: 6.6431878
A9: 1/0.5 | B9: 0 | C9: -12.833333 | D9: 2.0344259
A10: 1/0.5 | B10: 0.0025 | C10: -0.25 | D10: 1.8008486
A11: 1/0.5 | B11: 0.005 | C11: 0.41666667 | D11: 1.3411231
A12: 1/0.5 | B12: 0.01 | C12: 13.75 | D12: 3.0402394
A13: 1/0.5 | B13: 0.02 | C13: 36 | D13: 12.138094
... A22: 1/1 | B22: 0.1 | C22: 385.5 | D22: 36.991365
