Workbook

Sheet R1
A3: User: USER | D3: Path: C:\Program Files (x86)\BMG\Omega\User\Data\ | K3: Test ID: 688
A4: Test Name: RFPSCAN | I4: Date: 7/24/2025 | K4: Time: 2:47:33 PM
A5: Fluorescence (FI)
B9: Raw Data (Average) (544, 590-10)
B10: 1 | C10: 2 | D10: 3 | E10: 4 | F10: 5 | G10: 6 | H10: 7 | I10: 8 | J10: 9 | K10: 10 | L10: 11 | M10: 12 | O10: Average
A11: A | B11: 647 | C11: 579 | D11: 586 | E11: 586 | F11: 661 | G11: 660 | H11: 651 | O11: of all valid scan points used
A12: B | B12: 583 | C12: 1087 | D12: 1098 | E12: 1089 | F12: 1935 | G12: 1658 | H12: 2446
A13: C | B13: 532 | C13: 576 | D13: 590 | E13: 585 | F13: 595 | G13: 598 | H13: 587
A14: D | B14: 524 | C14: 953 | D14: 943 | E14: 1008 | F14: 2320 | G14: 2423 | H14: 2274
A15: E | B15: 583 | C15: 572 | D15: 538 | E15: 571 | F15: 590 | G15: 584 | H15: 587
A16: F | B16: 535 | C16: 536 | D16: 597 | E16: 586 | F16: 1147 | G16: 1131 | H16: 1089
A17: G | B17: 531 | C17: 522 | D17: 580 | E17: 583 | F17: 580 | G17: 577 | H17: 578
A18: H | B18: 561 | C18: 571 | D18: 594 | E18: 588 | F18: 611 | G18: 613 | H18: 609
B19: =MIN(B11:B18) -> 524 | C19: =C11-$B$19 -> 55 | D19: =D11-$B$19 -> 62 | E19: =E11-$B$19 -> 62 | F19: =F11-$B$19 -> 137 | G19: =G11-$B$19 -> 136 | H19: =H11-$B$19 -> 127
C20: =C12-$B$19 -> 563 | D20: =D12-$B$19 -> 574 | E20: =E12-$B$19 -> 565 | F20: =F12-$B$19 -> 1411 | G20: =G12-$B$19 -> 1134 | H20: =H12-$B$19 -> 1922
C21: =C13-$B$19 -> 52 | D21: =D13-$B$19 -> 66 | E21: =E13-$B$19 -> 61 | F21: =F13-$B$19 -> 71 | G21: =G13-$B$19 -> 74 | H21: =H13-$B$19 -> 63
C22: =C14-$B$19 -> 429 | D22: =D14-$B$19 -> 419 | E22: =E14-$B$19 -> 484 | F22: =F14-$B$19 -> 1796 | G22: =G14-$B$19 -> 1899 | H22: =H14-$B$19 -> 1750
C23: =C15-$B$19 -> 48 | D23: =D15-$B$19 -> 14 | E23: =E15-$B$19 -> 47 | F23: =F15-$B$19 -> 66 | G23: =G15-$B$19 -> 60 | H23: =H15-$B$19 -> 63
C24: =C16-$B$19 -> 12 | D24: =D16-$B$19 -> 73 | E24: =E16-$B$19 -> 62 | F24: =F16-$B$19 -> 623 | G24: =G16-$B$19 -> 607 | H24: =H16-$B$19 -> 565
C25: =C17-$B$19 -> -2 | D25: =D17-$B$19 -> 56 | E25: =E17-$B$19 -> 59 | F25: =F17-$B$19 -> 56 | G25: =G17-$B$19 -> 53 | H25: =H17-$B$19 -> 54
C26: =C18-$B$19 -> 47 | D26: =D18-$B$19 -> 70 | E26: =E18-$B$19 -> 64 | F26: =F18-$B$19 -> 87 | G26: =G18-$B$19 -> 89 | H26: =H18-$B$19 -> 85

Sheet R2
A3: User: USER | D3: Path: C:\Program Files (x86)\BMG\Omega\User\Data\ | K3: Test ID: 689
A4: Test Name: RFPSCAN | I4: Date: 7/24/2025 | K4: Time: 2:54:27 PM
A5: Fluorescence (FI)
B9: Raw Data (Average) (544, 590-10)
B10: 1 | C10: 2 | D10: 3 | E10: 4 | F10: 5 | G10: 6 | H10: 7 | I10: 8 | J10: 9 | K10: 10 | L10: 11 | M10: 12 | O10: Average
A11: A | B11: 650 | C11: 583 | D11: 589 | E11: 581 | F11: 653 | G11: 660 | H11: 646 | O11: of all valid scan points used
A12: B | B12: 586 | C12: 1078 | D12: 1073 | E12: 1088 | F12: 1930 | G12: 1673 | H12: 2049
A13: C | B13: 540 | C13: 574 | D13: 589 | E13: 585 | F13: 586 | G13: 596 | H13: 583
A14: D | B14: 523 | C14: 967 | D14: 965 | E14: 1010 | F14: 2300 | G14: 2371 | H14: 2238
A15: E | B15: 582 | C15: 573 | D15: 546 | E15: 567 | F15: 581 | G15: 589 | H15: 589
A16: F | B16: 540 | C16: 549 | D16: 593 | E16: 597 | F16: 1162 | G16: 1144 | H16: 1094
A17: G | B17: 533 | C17: 525 | D17: 581 | E17: 584 | F17: 574 | G17: 580 | H17: 583
A18: H | B18: 564 | C18: 576 | D18: 593 | E18: 590 | F18: 614 | G18: 608 | H18: 612
B19: =MIN(B11:B18) -> 523 | C19: =C11-$B$19 -> 60 | D19: =D11-$B$19 -> 66 | E19: =E11-$B$19 -> 58 | F19: =F11-$B$19 -> 130 | G19: =G11-$B$19 -> 137 | H19: =H11-$B$19 -> 123
C20: =C12-$B$19 -> 555 | D20: =D12-$B$19 -> 550 | E20: =E12-$B$19 -> 565 | F20: =F12-$B$19 -> 1407 | G20: =G12-$B$19 -> 1150 | H20: =H12-$B$19 -> 1526
C21: =C13-$B$19 -> 51 | D21: =D13-$B$19 -> 66 | E21: =E13-$B$19 -> 62 | F21: =F13-$B$19 -> 63 | G21: =G13-$B$19 -> 73 | H21: =H13-$B$19 -> 60
C22: =C14-$B$19 -> 444 | D22: =D14-$B$19 -> 442 | E22: =E14-$B$19 -> 487 | F22: =F14-$B$19 -> 1777 | G22: =G14-$B$19 -> 1848 | H22: =H14-$B$19 -> 1715
C23: =C15-$B$19 -> 50 | D23: =D15-$B$19 -> 23 | E23: =E15-$B$19 -> 44 | F23: =F15-$B$19 -> 58 | G23: =G15-$B$19 -> 66 | H23: =H15-$B$19 -> 66
C24: =C16-$B$19 -> 26 | D24: =D16-$B$19 -> 70 | E24: =E16-$B$19 -> 74 | F24: =F16-$B$19 -> 639 | G24: =G16-$B$19 -> 621 | H24: =H16-$B$19 -> 571
C25: =C17-$B$19 -> 2 | D25: =D17-$B$19 -> 58 | E25: =E17-$B$19 -> 61 | F25: =F17-$B$19 -> 51 | G25: =G17-$B$19 -> 57 | H25: =H17-$B$19 -> 60
C26: =C18-$B$19 -> 53 | D26: =D18-$B$19 -> 70 | E26: =E18-$B$19 -> 67 | F26: =F18-$B$19 -> 91 | G26: =G18-$B$19 -> 85 | H26: =H18-$B$19 -> 89

Sheet R3
A3: User: USER | D3: Path: C:\Program Files (x86)\BMG\Omega\User\Data\ | K3: Test ID: 690
A4: Test Name: RFPSCAN | I4: Date: 7/24/2025 | K4: Time: 3:00:14 PM
A5: Fluorescence (FI)
B9: Raw Data (Average) (544, 590-10)
B10: 1 | C10: 2 | D10: 3 | E10: 4 | F10: 5 | G10: 6 | H10: 7 | I10: 8 | J10: 9 | K10: 10 | L10: 11 | M10: 12 | O10: Average
A11: A | B11: 641 | C11: 573 | D11: 587 | E11: 588 | F11: 650 | G11: 658 | H11: 642 | O11: of all valid scan points used
A12: B | B12: 587 | C12: 1065 | D12: 1061 | E12: 1069 | F12: 1890 | G12: 1640 | H12: 1989
A13: C | B13: 533 | C13: 581 | D13: 588 | E13: 584 | F13: 590 | G13: 595 | H13: 584
A14: D | B14: 523 | C14: 959 | D14: 953 | E14: 994 | F14: 2283 | G14: 2377 | H14: 2217
A15: E | B15: 583 | C15: 578 | D15: 537 | E15: 572 | F15: 584 | G15: 587 | H15: 589
A16: F | B16: 534 | C16: 549 | D16: 600 | E16: 598 | F16: 1182 | G16: 1153 | H16: 1116
A17: G | B17: 533 | C17: 528 | D17: 589 | E17: 582 | F17: 585 | G17: 586 | H17: 587
A18: H | B18: 566 | C18: 581 | D18: 594 | E18: 591 | F18: 612 | G18: 618 | H18: 617
B19: =MIN(B11:B18) -> 523 | C19: =C11-$B$19 -> 50 | D19: =D11-$B$19 -> 64 | E19: =E11-$B$19 -> 65 | F19: =F11-$B$19 -> 127 | G19: =G11-$B$19 -> 135 | H19: =H11-$B$19 -> 119
C20: =C12-$B$19 -> 542 | D20: =D12-$B$19 -> 538 | E20: =E12-$B$19 -> 546 | F20: =F12-$B$19 -> 1367 | G20: =G12-$B$19 -> 1117 | H20: =H12-$B$19 -> 1466
C21: =C13-$B$19 -> 58 | D21: =D13-$B$19 -> 65 | E21: =E13-$B$19 -> 61 | F21: =F13-$B$19 -> 67 | G21: =G13-$B$19 -> 72 | H21: =H13-$B$19 -> 61
C22: =C14-$B$19 -> 436 | D22: =D14-$B$19 -> 430 | E22: =E14-$B$19 -> 471 | F22: =F14-$B$19 -> 1760 | G22: =G14-$B$19 -> 1854 | H22: =H14-$B$19 -> 1694
C23: =C15-$B$19 -> 55 | D23: =D15-$B$19 -> 14 | E23: =E15-$B$19 -> 49 | F23: =F15-$B$19 -> 61 | G23: =G15-$B$19 -> 64 | H23: =H15-$B$19 -> 66
C24: =C16-$B$19 -> 26 | D24: =D16-$B$19 -> 77 | E24: =E16-$B$19 -> 75 | F24: =F16-$B$19 -> 659 | G24: =G16-$B$19 -> 630 | H24: =H16-$B$19 -> 593
C25: =C17-$B$19 -> 5 | D25: =D17-$B$19 -> 66 | E25: =E17-$B$19 -> 59 | F25: =F17-$B$19 -> 62 | G25: =G17-$B$19 -> 63 | H25: =H17-$B$19 -> 64
C26: =C18-$B$19 -> 58 | D26: =D18-$B$19 -> 71 | E26: =E18-$B$19 -> 68 | F26: =F18-$B$19 -> 89 | G26: =G18-$B$19 -> 95 | H26: =H18-$B$19 -> 94

Sheet Results
A1: Measurement 1 | B1: 55 | C1: 62 | D1: 62 | E1: 137 | F1: 136 | G1: 127 | I1: Measurement2 | J1: 60 | K1: 66 | L1: 58 | M1: 130 | N1: 137 | O1: 123 | Q1: Measurement3 | R1: 50 | S1: 64 | T1: 65 | U1: 127 | V1: 135 | W1: 119
B2: 563 | C2: 574 | D2: 565 | E2: 1411 | F2: 1134 | G2: 1922 | J2: 555 | K2: 550 | L2: 565 | M2: 1407 | N2: 1150 | O2: 1526 | R2: 542 | S2: 538 | T2: 546 | U2: 1367 | V2: 1117 | W2: 1466
B3: 52 | C3: 66 | D3: 61 | E3: 71 | F3: 74 | G3: 63 | J3: 51 | K3: 66 | L3: 62 | M3: 63 | N3: 73 | O3: 60 | R3: 58 | S3: 65 | T3: 61 | U3: 67 | V3: 72 | W3: 61
B4: 429 | C4: 419 | D4: 484 | E4: 1796 | F4: 1899 | G4: 1750 | J4: 444 | K4: 442 | L4: 487 | M4: 1777 | N4: 1848 | O4: 1715 | R4: 436 | S4: 430 | T4: 471 | U4: 1760 | V4: 1854 | W4: 1694
B5: 48 | C5: 14 | D5: 47 | E5: 66 | F5: 60 | G5: 63 | J5: 50 | K5: 23 | L5: 44 | M5: 58 | N5: 66 | O5: 66 | R5: 55 | S5: 14 | T5: 49 | U5: 61 | V5: 64 | W5: 66
B6: 12 | C6: 73 | D6: 62 | E6: 623 | F6: 607 | G6: 565 | J6: 26 | K6: 70 | L6: 74 | M6: 639 | N6: 621 | O6: 571 | R6: 26 | S6: 77 | T6: 75 | U6: 659 | V6: 630 | W6: 593
B7: -2 | C7: 56 | D7: 59 | E7: 56 | F7: 53 | G7: 54 | J7: 2 | K7: 58 | L7: 61 | M7: 51 | N7: 57 | O7: 60 | R7: 5 | S7: 66 | T7: 59 | U7: 62 | V7: 63 | W7: 64
B8: 47 | C8: 70 | D8: 64 | E8: 87 | F8: 89 | G8: 85 | J8: 53 | K8: 70 | L8: 67 | M8: 91 | N8: 85 | O8: 89 | R8: 58 | S8: 71 | T8: 68 | U8: 89 | V8: 95 | W8: 94
B10: =AVERAGE(B1,J1,R1) -> 55 | C10: =AVERAGE(C1,K1,S1) -> 64 | D10: =AVERAGE(D1,L1,T1) -> 61.666667 | E10: =AVERAGE(E1,M1,U1) -> 131.33333 | F10: =AVERAGE(F1,N1,V1) -> 136 | G10: =AVERAGE(G1,O1,W1) -> 123
B11: =AVERAGE(B2,J2,R2) -> 553.33333 | C11: =AVERAGE(C2,K2,S2) -> 554 | D11: =AVERAGE(D2,L2,T2) -> 558.66667 | E11: =AVERAGE(E2,M2,U2) -> 1395 | F11: =AVERAGE(F2,N2,V2) -> 1133.6667 | G11: =AVERAGE(G2,O2,W2) -> 1638
B12: =AVERAGE(B3,J3,R3) -> 53.666667 | C12: =AVERAGE(C3,K3,S3) -> 65.666667 | D12: =AVERAGE(D3,L3,T3) -> 61.333333 | E12: =AVERAGE(E3,M3,U3) -> 67 | F12: =AVERAGE(F3,N3,V3) -> 73 | G12: =AVERAGE(G3,O3,W3) -> 61.333333
B13: =AVERAGE(B4,J4,R4) -> 436.33333 | C13: =AVERAGE(C4,K4,S4) -> 430.33333 | D13: =AVERAGE(D4,L4,T4) -> 480.66667 | E13: =AVERAGE(E4,M4,U4) -> 1777.6667 | F13: =AVERAGE(F4,N4,V4) -> 1867 | G13: =AVERAGE(G4,O4,W4) -> 1719.6667
B14: =AVERAGE(B5,J5,R5) -> 51 | C14: =AVERAGE(C5,K5,S5) -> 17 | D14: =AVERAGE(D5,L5,T5) -> 46.666667 | E14: =AVERAGE(E5,M5,U5) -> 61.666667 | F14: =AVERAGE(F5,N5,V5) -> 63.333333 | G14: =AVERAGE(G5,O5,W5) -> 65
B15: =AVERAGE(B6,J6,R6) -> 21.333333 | C15: =AVERAGE(C6,K6,S6) -> 73.333333 | D15: =AVERAGE(D6,L6,T6) -> 70.333333 | E15: =AVERAGE(E6,M6,U6) -> 640.33333 | F15: =AVERAGE(F6,N6,V6) -> 619.33333 | G15: =AVERAGE(G6,O6,W6) -> 576.33333
B16: =AVERAGE(B7,J7,R7) -> 1.6666667 | C16: =AVERAGE(C7,K7,S7) -> 60 | D16: =AVERAGE(D7,L7,T7) -> 59.666667 | E16: =AVERAGE(E7,M7,U7) -> 56.333333 | F16: =AVERAGE(F7,N7,V7) -> 57.666667 | G16: =AVERAGE(G7,O7,W7) -> 59.333333
B17: =AVERAGE(B8,J8,R8) -> 52.666667 | C17: =AVERAGE(C8,K8,S8) -> 70.333333 | D17: =AVERAGE(D8,L8,T8) -> 66.333333 | E17: =AVERAGE(E8,M8,U8) -> 89 | F17: =AVERAGE(F8,N8,V8) -> 89.666667 | G17: =AVERAGE(G8,O8,W8) -> 89.333333
B21: =AVERAGE(B10:D10) -> 60.222222
B22: =AVERAGE(E10:G10) -> 130.11111
B23: =AVERAGE(B11:D11) -> 555.33333
B24: =AVERAGE(E11:G11) -> 1388.8889
B25: =AVERAGE(B12:D12) -> 60.222222
B26: =AVERAGE(E12:G12) -> 67.111111
B27: =AVERAGE(B13:D13) -> 449.11111
B28: =AVERAGE(E13:G13) -> 1788.1111
B29: =AVERAGE(B14:D14) -> 38.222222
B30: =AVERAGE(E14:G14) -> 63.333333
B31: =AVERAGE(B15:D15) -> 55
B32: =AVERAGE(E15:G15) -> 612
B33: =AVERAGE(B16:D16) -> 40.444444
B34: =AVERAGE(E16:G16) -> 57.777778
B35: =AVERAGE(B17:D17) -> 63.111111
B36: =AVERAGE(E17:G17) -> 89.333333

Sheet Sheet2
I1: Flourescent | J1: Quencher | K1: Mean Intensity | L1: STD
A2: =AVERAGE('R1'!B11,'R2'!B11,'R3'!B11) -> 646 | B2: =AVERAGE('R1'!C11,'R2'!C11,'R3'!C11) -> 578.33333 | C2: =AVERAGE('R1'!D11,'R2'!D11,'R3'!D11) -> 587.33333 | D2: =AVERAGE('R1'!E11,'R2'!E11,'R3'!E11) -> 585 | E2: =AVERAGE('R1'!F11,'R2'!F11,'R3'!F11) -> 654.66667 | F2: =AVERAGE('R1'!G11,'R2'!G11,'R3'!G11) -> 659.33333 | G2: =AVERAGE('R1'!H11,'R2'!H11,'R3'!H11) -> 646.33333
A3: =AVERAGE('R1'!B12,'R2'!B12,'R3'!B12) -> 585.33333 | B3: =AVERAGE('R1'!C12,'R2'!C12,'R3'!C12) -> 1076.6667 | C3: =AVERAGE('R1'!D12,'R2'!D12,'R3'!D12) -> 1077.3333 | D3: =AVERAGE('R1'!E12,'R2'!E12,'R3'!E12) -> 1082 | E3: =AVERAGE('R1'!F12,'R2'!F12,'R3'!F12) -> 1918.3333 | F3: =AVERAGE('R1'!G12,'R2'!G12,'R3'!G12) -> 1657 | G3: =AVERAGE('R1'!H12,'R2'!H12,'R3'!H12) -> 2161.3333 | I3: 0 | J3: 0 | K3: =AVERAGE(B11:D11) -> 60.222222 | L3: =_xlfn.STDEV.P(B11:D11) -> 3.8135561
A4: =AVERAGE('R1'!B13,'R2'!B13,'R3'!B13) -> 535 | B4: =AVERAGE('R1'!C13,'R2'!C13,'R3'!C13) -> 577 | C4: =AVERAGE('R1'!D13,'R2'!D13,'R3'!D13) -> 589 | D4: =AVERAGE('R1'!E13,'R2'!E13,'R3'!E13) -> 584.66667 | E4: =AVERAGE('R1'!F13,'R2'!F13,'R3'!F13) -> 590.33333 | F4: =AVERAGE('R1'!G13,'R2'!G13,'R3'!G13) -> 596.33333 | G4: =AVERAGE('R1'!H13,'R2'!H13,'R3'!H13) -> 584.66667 | I4: 0.1 | J4: 0 | K4: =AVERAGE(E11:G11) -> 130.11111 | L4: =_xlfn.STDEV.P(E11:G11) -> 5.3771349
A5: =AVERAGE('R1'!B14,'R2'!B14,'R3'!B14) -> 523.33333 | B5: =AVERAGE('R1'!C14,'R2'!C14,'R3'!C14) -> 959.66667 | C5: =AVERAGE('R1'!D14,'R2'!D14,'R3'!D14) -> 953.66667 | D5: =AVERAGE('R1'!E14,'R2'!E14,'R3'!E14) -> 1004 | E5: =AVERAGE('R1'!F14,'R2'!F14,'R3'!F14) -> 2301 | F5: =AVERAGE('R1'!G14,'R2'!G14,'R3'!G14) -> 2390.3333 | G5: =AVERAGE('R1'!H14,'R2'!H14,'R3'!H14) -> 2243 | I5: 0.5 | J5: 0 | K5: =AVERAGE(B12:D12) -> 555.33333 | L5: =_xlfn.STDEV.P(B12:D12) -> 2.3726841
A6: =AVERAGE('R1'!B15,'R2'!B15,'R3'!B15) -> 582.66667 | B6: =AVERAGE('R1'!C15,'R2'!C15,'R3'!C15) -> 574.33333 | C6: =AVERAGE('R1'!D15,'R2'!D15,'R3'!D15) -> 540.33333 | D6: =AVERAGE('R1'!E15,'R2'!E15,'R3'!E15) -> 570 | E6: =AVERAGE('R1'!F15,'R2'!F15,'R3'!F15) -> 585 | F6: =AVERAGE('R1'!G15,'R2'!G15,'R3'!G15) -> 586.66667 | G6: =AVERAGE('R1'!H15,'R2'!H15,'R3'!H15) -> 588.33333 | I6: 1 | J6: 0 | K6: =AVERAGE(E12:G12) -> 1388.8889 | L6: =_xlfn.STDEV.P(E12:G12) -> 205.93856
A7: =AVERAGE('R1'!B16,'R2'!B16,'R3'!B16) -> 536.33333 | B7: =AVERAGE('R1'!C16,'R2'!C16,'R3'!C16) -> 544.66667 | C7: =AVERAGE('R1'!D16,'R2'!D16,'R3'!D16) -> 596.66667 | D7: =AVERAGE('R1'!E16,'R2'!E16,'R3'!E16) -> 593.66667 | E7: =AVERAGE('R1'!F16,'R2'!F16,'R3'!F16) -> 1163.6667 | F7: =AVERAGE('R1'!G16,'R2'!G16,'R3'!G16) -> 1142.6667 | G7: =AVERAGE('R1'!H16,'R2'!H16,'R3'!H16) -> 1099.6667
A8: =AVERAGE('R1'!B17,'R2'!B17,'R3'!B17) -> 532.33333 | B8: =AVERAGE('R1'!C17,'R2'!C17,'R3'!C17) -> 525 | C8: =AVERAGE('R1'!D17,'R2'!D17,'R3'!D17) -> 583.33333 | D8: =AVERAGE('R1'!E17,'R2'!E17,'R3'!E17) -> 583 | E8: =AVERAGE('R1'!F17,'R2'!F17,'R3'!F17) -> 579.66667 | F8: =AVERAGE('R1'!G17,'R2'!G17,'R3'!G17) -> 581 | G8: =AVERAGE('R1'!H17,'R2'!H17,'R3'!H17) -> 582.66667 | I8: 0 | J8: 0.1 | K8: =AVERAGE(B13:D13) -> 60.222222 | L8: =_xlfn.STDEV.P(B13:D13) -> 4.9615808
A9: =AVERAGE('R1'!B18,'R2'!B18,'R3'!B18) -> 563.66667 | B9: =AVERAGE('R1'!C18,'R2'!C18,'R3'!C18) -> 576 | C9: =AVERAGE('R1'!D18,'R2'!D18,'R3'!D18) -> 593.66667 | D9: =AVERAGE('R1'!E18,'R2'!E18,'R3'!E18) -> 589.66667 | E9: =AVERAGE('R1'!F18,'R2'!F18,'R3'!F18) -> 612.33333 | F9: =AVERAGE('R1'!G18,'R2'!G18,'R3'!G18) -> 613 | G9: =AVERAGE('R1'!H18,'R2'!H18,'R3'!H18) -> 612.66667 | I9: 0.1 | J9: 0.1 | K9: =AVERAGE(E13:G13) -> 67.111111 | L9: =_xlfn.STDEV.P(E13:G13) -> 4.7635447
I10: 0.5 | J10: 0.1 | K10: =AVERAGE(B14:D14) -> 449.11111 | L10: =_xlfn.STDEV.P(B14:D14) -> 22.447195
A11: =MIN(A2:A9) -> 523.33333 | B11: =B2-$A$11 -> 55 | C11: =C2-$A$11 -> 64 | D11: =D2-$A$11 -> 61.666667 | E11: =E2-$A$11 -> 131.33333 | F11: =F2-$A$11 -> 136 | G11: =G2-$A$11 -> 123 | I11: 1 | J11: 0.1 | K11: =AVERAGE(E14:G14) -> 1788.1111 | L11: =_xlfn.STDEV.P(E14:G14) -> 60.600289
B12: =B3-$A$11 -> 553.33333 | C12: =C3-$A$11 -> 554 | D12: =D3-$A$11 -> 558.66667 | E12: =E3-$A$11 -> 1395 | F12: =F3-$A$11 -> 1133.6667 | G12: =G3-$A$11 -> 1638
B13: =B4-$A$11 -> 53.666667 | C13: =C4-$A$11 -> 65.666667 | D13: =D4-$A$11 -> 61.333333 | E13: =E4-$A$11 -> 67 | F13: =F4-$A$11 -> 73 | G13: =G4-$A$11 -> 61.333333 | I13: 0 | J13: 0.5 | K13: =AVERAGE(B15:D15) -> 38.222222 | L13: =_xlfn.STDEV.P(B15:D15) -> 15.110294
B14: =B5-$A$11 -> 436.33333 | C14: =C5-$A$11 -> 430.33333 | D14: =D5-$A$11 -> 480.66667 | E14: =E5-$A$11 -> 1777.6667 | F14: =F5-$A$11 -> 1867 | G14: =G5-$A$11 -> 1719.6667 | I14: 0.1 | J14: 0.5 | K14: =AVERAGE(E15:G15) -> 63.333333 | L14: =_xlfn.STDEV.P(E15:G15) -> 1.3608276
B15: =B6-$A$11 -> 51 | C15: =C6-$A$11 -> 17 | D15: =D6-$A$11 -> 46.666667 | E15: =E6-$A$11 -> 61.666667 | F15: =F6-$A$11 -> 63.333333 | G15: =G6-$A$11 -> 65 | I15: 0.5 | J15: 0.5 | K15: =AVERAGE(B16:D16) -> 55 | L15: =_xlfn.STDEV.P(B16:D16) -> 23.837412
B16: =B7-$A$11 -> 21.333333 | C16: =C7-$A$11 -> 73.333333 | D16: =D7-$A$11 -> 70.333333 | E16: =E7-$A$11 -> 640.33333 | F16: =F7-$A$11 -> 619.33333 | G16: =G7-$A$11 -> 576.33333 | I16: 1 | J16: 0.5 | K16: =AVERAGE(E16:G16) -> 612 | L16: =_xlfn.STDEV.P(E16:G16) -> 26.637484
B17: =B8-$A$11 -> 1.6666667 | C17: =C8-$A$11 -> 60 | D17: =D8-$A$11 -> 59.666667 | E17: =E8-$A$11 -> 56.333333 | F17: =F8-$A$11 -> 57.666667 | G17: =G8-$A$11 -> 59.333333
B18: =B9-$A$11 -> 52.666667 | C18: =C9-$A$11 -> 70.333333 | D18: =D9-$A$11 -> 66.333333 | E18: =E9-$A$11 -> 89 | F18: =F9-$A$11 -> 89.666667 | G18: =G9-$A$11 -> 89.333333 | I18: 0 | J18: 1 | K18: =AVERAGE(B17:D17) -> 40.444444 | L18: =_xlfn.STDEV.P(B17:D17) -> 27.420367
I19: 0.1 | J19: 1 | K19: =AVERAGE(E17:G17) -> 57.777778 | L19: =_xlfn.STDEV.P(E17:G17) -> 1.2272623
I20: 0.5 | J20: 1 | K20: =AVERAGE(B18:D18) -> 63.111111 | L20: =_xlfn.STDEV.P(B18:D18) -> 7.5637211
I21: 1 | J21: 1 | K21: =AVERAGE(E18:G18) -> 89.333333 | L21: =_xlfn.STDEV.P(E18:G18) -> 0.27216553

Sheet plots
A1: Flourescent | B1: Quencher | C1: Mean Intensity | D1: STD
A2: 0 | B2: 0 | C2: 60.222222 | D2: 3.8135561
A3: 0.1 | B3: 0 | C3: 130.11111 | D3: 5.3771349
A4: 0.5 | B4: 0 | C4: 555.33333 | D4: 2.3726841
A5: 1 | B5: 0 | C5: 1388.8889 | D5: 205.93856
A7: 0 | B7: 0.1 | C7: 60.222222 | D7: 4.9615808
A8: 0.1 | B8: 0.1 | C8: 67.111111 | D8: 4.7635447
A9: 0.5 | B9: 0.1 | C9: 449.11111 | D9: 22.447195
A10: 1 | B10: 0.1 | C10: 1788.1111 | D10: 60.600289
A12: 0 | B12: 0.5 | C12: 38.222222 | D12: 15.110294
A13: 0.1 | B13: 0.5 | C13: 63.333333 | D13: 1.3608276
A14: 0.5 | B14: 0.5 | C14: 55 | D14: 23.837412
A15: 1 | B15: 0.5 | C15: 612 | D15: 26.637484
... A20: 1 | B20: 1 | C20: 89.333333 | D20: 0.27216553
