Workbook

Sheet R1
A3: User: USER | D3: Path: C:\Program Files (x86)\BMG\Omega\User\Data\ | K3: Test ID: 705
A4: Test Name: RFPSCAN | I4: Date: 8/21/2025 | K4: Time: 2:36:22 PM
A5: Fluorescence (FI)
B9: Raw Data (Average) (544, 590-10)
B10: 1 | C10: 2 | D10: 3 | E10: 4 | F10: 5 | G10: 6 | H10: 7 | I10: 8 | J10: 9 | K10: 10 | L10: 11 | M10: 12 | O10: Average
A11: A | B11: 645 | C11: 786 | D11: 914 | E11: 1037 | F11: 1159 | G11: 1390 | H11: 816 | O11: of all valid scan points used
A12: B | B12: 624 | C12: 759 | D12: 903 | E12: 1065 | F12: 1200 | G12: 1401 | H12: 557
A13: C | B13: 620 | C13: 778 | D13: 915 | E13: 1077 | F13: 1215 | G13: 1423 | H13: 562
A14: D | B14: 627 | C14: 784 | D14: 925 | E14: 1070 | F14: 1221 | G14: 1456 | H14: 550
A15: E | G15: 831 | H15: 845
A16: F | G16: 634 | H16: 555
A17: G | G17: 634 | H17: 552
A18: H | G18: 636 | H18: 548
B20: =AVERAGE(B12:B14) -> 623.66667 | C20: =AVERAGE(C12:C14) -> 773.66667 | D20: =AVERAGE(D12:D14) -> 914.33333 | E20: =AVERAGE(E12:E14) -> 1070.6667 | F20: =AVERAGE(F12:F14) -> 1212 | G20: =AVERAGE(G12:G14) -> 1426.6667 | L20: 0 | M20: 0.2 | N20: 0.4 | O20: 0.6 | P20: 0.8 | Q20: 1
B21: =B20-552 -> 71.666667 | C21: =C20-552 -> 221.66667 | D21: =D20-552 -> 362.33333 | E21: =E20-552 -> 518.66667 | F21: =F20-552 -> 660 | G21: =G20-552 -> 874.66667 | L21: 71.666667 | M21: 221.66667 | N21: 362.33333 | O21: 518.66667 | P21: 660 | Q21: 874.66667
B22: =B21/G21 -> 0.081935976 | C22: =C21/G21 -> 0.25342988 | D22: =D21/G21 -> 0.41425305 | E22: =E21/G21 -> 0.5929878 | F22: =F21/G21 -> 0.75457317 | G22: =G21/G21 -> 1

Sheet R2
A3: User: USER | D3: Path: C:\Program Files (x86)\BMG\Omega\User\Data\ | K3: Test ID: 706
A4: Test Name: RFPSCAN | I4: Date: 8/21/2025 | K4: Time: 2:40:51 PM
A5: ID1: RFPSCAN
A6: Fluorescence (FI)
B10: Raw Data (Average) (544, 590-10)
B11: 1 | C11: 2 | D11: 3 | E11: 4 | F11: 5 | G11: 6 | H11: 7 | I11: 8 | J11: 9 | K11: 10 | L11: 11 | M11: 12 | O11: Average
A12: A | B12: 625 | C12: 769 | D12: 892 | E12: 1026 | F12: 1173 | G12: 1431 | H12: 818 | O12: of all valid scan points used
A13: B | B13: 612 | C13: 758 | D13: 908 | E13: 1070 | F13: 1220 | G13: 1431 | H13: 560
A14: C | B14: 612 | C14: 777 | D14: 920 | E14: 1089 | F14: 1235 | G14: 1452 | H14: 562
A15: D | B15: 609 | C15: 773 | D15: 922 | E15: 1071 | F15: 1246 | G15: 1468 | H15: 556
A16: E | G16: 846 | H16: 850
A17: F | G17: 621 | H17: 563
A18: G | G18: 620 | H18: 558
A19: H | G19: 611 | H19: 555

Sheet R3
A3: User: USER | D3: Path: C:\Program Files (x86)\BMG\Omega\User\Data\ | K3: Test ID: 707
A4: Test Name: RFPSCAN | I4: Date: 8/21/2025 | K4: Time: 2:44:57 PM
A5: ID1: RFPSCAN
A6: Fluorescence (FI)
B10: Raw Data (Average) (544, 590-10)
B11: 1 | C11: 2 | D11: 3 | E11: 4 | F11: 5 | G11: 6 | H11: 7 | I11: 8 | J11: 9 | K11: 10 | L11: 11 | M11: 12 | O11: Average
A12: A | B12: 608 | C12: 758 | D12: 886 | E12: 1024 | F12: 1171 | G12: 1421 | H12: 830 | O12: of all valid scan points used
A13: B | B13: 609 | C13: 752 | D13: 910 | E13: 1071 | F13: 1227 | G13: 1452 | H13: 559
A14: C | B14: 607 | C14: 771 | D14: 917 | E14: 1082 | F14: 1238 | G14: 1457 | H14: 561
A15: D | B15: 611 | C15: 770 | D15: 922 | E15: 1073 | F15: 1245 | G15: 1479 | H15: 560
A16: E | G16: 851 | H16: 859
A17: F | G17: 609 | H17: 561
A18: G | G18: 615 | H18: 561
A19: H | G19: 601 | H19: 557

Sheet Sheet1
B2: =AVERAGE('R1'!B11,'R2'!B12,'R3'!B12) -> 626 | C2: =AVERAGE('R1'!C11,'R2'!C12,'R3'!C12) -> 771 | D2: =AVERAGE('R1'!D11,'R2'!D12,'R3'!D12) -> 897.33333 | E2: =AVERAGE('R1'!E11,'R2'!E12,'R3'!E12) -> 1029 | F2: =AVERAGE('R1'!F11,'R2'!F12,'R3'!F12) -> 1167.6667 | G2: =AVERAGE('R1'!G11,'R2'!G12,'R3'!G12) -> 1414 | H2: =AVERAGE('R1'!H11,'R2'!H12,'R3'!H12) -> 821.33333
B3: =AVERAGE('R1'!B12,'R2'!B13,'R3'!B13) -> 615 | C3: =AVERAGE('R1'!C12,'R2'!C13,'R3'!C13) -> 756.33333 | D3: =AVERAGE('R1'!D12,'R2'!D13,'R3'!D13) -> 907 | E3: =AVERAGE('R1'!E12,'R2'!E13,'R3'!E13) -> 1068.6667 | F3: =AVERAGE('R1'!F12,'R2'!F13,'R3'!F13) -> 1215.6667 | G3: =AVERAGE('R1'!G12,'R2'!G13,'R3'!G13) -> 1428 | H3: =AVERAGE('R1'!H12,'R2'!H13,'R3'!H13) -> 558.66667
B4: =AVERAGE('R1'!B13,'R2'!B14,'R3'!B14) -> 613 | C4: =AVERAGE('R1'!C13,'R2'!C14,'R3'!C14) -> 775.33333 | D4: =AVERAGE('R1'!D13,'R2'!D14,'R3'!D14) -> 917.33333 | E4: =AVERAGE('R1'!E13,'R2'!E14,'R3'!E14) -> 1082.6667 | F4: =AVERAGE('R1'!F13,'R2'!F14,'R3'!F14) -> 1229.3333 | G4: =AVERAGE('R1'!G13,'R2'!G14,'R3'!G14) -> 1444 | H4: =AVERAGE('R1'!H13,'R2'!H14,'R3'!H14) -> 561.66667
B5: =AVERAGE('R1'!B14,'R2'!B15,'R3'!B15) -> 615.66667 | C5: =AVERAGE('R1'!C14,'R2'!C15,'R3'!C15) -> 775.66667 | D5: =AVERAGE('R1'!D14,'R2'!D15,'R3'!D15) -> 923 | E5: =AVERAGE('R1'!E14,'R2'!E15,'R3'!E15) -> 1071.3333 | F5: =AVERAGE('R1'!F14,'R2'!F15,'R3'!F15) -> 1237.3333 | G5: =AVERAGE('R1'!G14,'R2'!G15,'R3'!G15) -> 1467.6667 | H5: =AVERAGE('R1'!H14,'R2'!H15,'R3'!H15) -> 555.33333
H6: =AVERAGE('R1'!H15,'R2'!H16,'R3'!H16) -> 851.33333
H7: =AVERAGE('R1'!H16,'R2'!H17,'R3'!H17) -> 559.66667
H8: =AVERAGE('R1'!H17,'R2'!H18,'R3'!H18) -> 557
H9: =AVERAGE('R1'!H18,'R2'!H19,'R3'!H19) -> 553.33333
B10: =B2-$H$10 -> 72.666667 | C10: =C2-$H$10 -> 217.66667 | D10: =D2-$H$10 -> 344 | E10: =E2-$H$10 -> 475.66667 | F10: =F2-$H$10 -> 614.33333 | G10: =G2-$H$10 -> 860.66667 | H10: =MIN(H2:H9) -> 553.33333
B11: =B3-$H$10 -> 61.666667 | C11: =C3-$H$10 -> 203 | D11: =D3-$H$10 -> 353.66667 | E11: =E3-$H$10 -> 515.33333 | F11: =F3-$H$10 -> 662.33333 | G11: =G3-$H$10 -> 874.66667
B12: =B4-$H$10 -> 59.666667 | C12: =C4-$H$10 -> 222 | D12: =D4-$H$10 -> 364 | E12: =E4-$H$10 -> 529.33333 | F12: =F4-$H$10 -> 676 | G12: =G4-$H$10 -> 890.66667
B13: =B5-$H$10 -> 62.333333 | C13: =C5-$H$10 -> 222.33333 | D13: =D5-$H$10 -> 369.66667 | E13: =E5-$H$10 -> 518 | F13: =F5-$H$10 -> 684 | G13: =G5-$H$10 -> 914.33333
B16: 0 | C16: 0.2 | D16: 0.4 | E16: 0.6 | F16: 0.8 | G16: 1
B17: =AVERAGE(B10:B13) -> 64.083333 | C17: =AVERAGE(C10:C13) -> 216.25 | D17: =AVERAGE(D10:D13) -> 357.83333 | E17: =AVERAGE(E10:E13) -> 509.58333 | F17: =AVERAGE(F10:F13) -> 659.16667 | G17: =AVERAGE(G10:G13) -> 885.08333
B18: =_xlfn.STDEV.P(B10:B13) -> 5.0518149 | C18: =_xlfn.STDEV.P(C10:C13) -> 7.8682731 | D18: =_xlfn.STDEV.P(D10:D13) -> 9.8333333 | E18: =_xlfn.STDEV.P(E10:E13) -> 20.275019 | F18: =_xlfn.STDEV.P(F10:F13) -> 27.019026 | G18: =_xlfn.STDEV.P(G10:G13) -> 19.946282
