Workbook

Sheet R1
A3: User: USER | D3: Path: C:\Program Files (x86)\BMG\Omega\User\Data\ | K3: Test ID: 753
A4: Test Name: RFPSCAN | I4: Date: 10/21/2025 | K4: Time: 1:09:15 PM
A5: ID1: RFPSCAN
A6: Fluorescence (FI)
A7: Gray fields contain unused values
B10: Raw Data (Average) (544, 590-10)
B11: 1 | C11: 2 | D11: 3 | E11: 4 | F11: 5 | G11: 6 | H11: 7 | I11: 8 | J11: 9 | K11: 10 | L11: 11 | M11: 12 | O11: Average
A12: A | E12: 561 | F12: 561 | H12: 621 | I12: 634 | J12: 646 | K12: 1210 | L12: 581 | M12: 577 | O12: of all valid scan points used
A13: B | E13: 562 | F13: 555 | H13: 606 | I13: 621 | J13: 649 | K13: 1236 | L13: 579 | M13: 556
A14: C | E14: 561 | F14: 566 | H14: 587 | I14: 633 | J14: 608 | K14: 1202 | L14: 572 | M14: 576
A15: D | E15: 568 | F15: 562 | H15: 589 | I15: 604 | J15: 627 | K15: 1184 | L15: 573 | M15: 611
A16: E | E16: 566 | F16: 548 | H16: 885 | I16: 591 | J16: 588 | K16: 613 | L16: 582 | M16: 939
A17: F | E17: 563 | F17: 566 | H17: 900 | I17: 581 | J17: 622 | K17: 614 | L17: 531 | M17: 958
A18: G | E18: 568 | F18: 564 | H18: 936 | I18: 588 | J18: 591 | K18: 590 | L18: 564 | M18: 930
A19: H | E19: 562 | F19: 566 | H19: 909 | I19: 618 | J19: 584 | K19: 594 | L19: 575 | M19: 938

Sheet R2
A3: User: USER | D3: Path: C:\Program Files (x86)\BMG\Omega\User\Data\ | K3: Test ID: 754
A4: Test Name: RFPSCAN | I4: Date: 10/21/2025 | K4: Time: 1:17:31 PM
A5: ID1: RFPSCAN
A6: Fluorescence (FI)
A7: Gray fields contain unused values
B10: Raw Data (Average) (544, 590-10)
B11: 1 | C11: 2 | D11: 3 | E11: 4 | F11: 5 | G11: 6 | H11: 7 | I11: 8 | J11: 9 | K11: 10 | L11: 11 | M11: 12 | O11: Average
A12: A | E12: 571 | F12: 569 | H12: 590 | I12: 590 | J12: 586 | K12: 1195 | L12: 575 | M12: 582 | O12: of all valid scan points used
A13: B | E13: 568 | F13: 570 | H13: 583 | I13: 581 | J13: 580 | K13: 1230 | L13: 581 | M13: 555
A14: C | E14: 575 | F14: 565 | H14: 574 | I14: 588 | J14: 582 | K14: 1184 | L14: 578 | M14: 575
A15: D | E15: 571 | F15: 569 | H15: 583 | I15: 578 | J15: 577 | K15: 1174 | L15: 574 | M15: 613
A16: E | E16: 572 | F16: 555 | H16: 891 | I16: 582 | J16: 577 | K16: 581 | L16: 578 | M16: 941
A17: F | E17: 563 | F17: 570 | H17: 906 | I17: 580 | J17: 586 | K17: 581 | L17: 531 | M17: 932
A18: G | E18: 568 | F18: 568 | H18: 952 | I18: 578 | J18: 578 | K18: 574 | L18: 565 | M18: 930
A19: H | E19: 561 | F19: 570 | H19: 923 | I19: 600 | J19: 575 | K19: 572 | L19: 580 | M19: 936

Sheet R3
A3: User: USER | D3: Path: C:\Program Files (x86)\BMG\Omega\User\Data\ | K3: Test ID: 755
A4: Test Name: RFPSCAN | I4: Date: 10/21/2025 | K4: Time: 1:24:00 PM
A5: ID1: RFPSCAN
A6: Fluorescence (FI)
A7: Gray fields contain unused values
B10: Raw Data (Average) (544, 590-10)
B11: 1 | C11: 2 | D11: 3 | E11: 4 | F11: 5 | G11: 6 | H11: 7 | I11: 8 | J11: 9 | K11: 10 | L11: 11 | M11: 12 | O11: Average
A12: A | E12: 566 | F12: 564 | H12: 578 | I12: 583 | J12: 582 | K12: 1191 | L12: 581 | M12: 580 | O12: of all valid scan points used
A13: B | E13: 564 | F13: 574 | H13: 582 | I13: 577 | J13: 576 | K13: 1215 | L13: 581 | M13: 556
A14: C | E14: 575 | F14: 571 | H14: 579 | I14: 586 | J14: 575 | K14: 1190 | L14: 571 | M14: 586
A15: D | E15: 570 | F15: 563 | H15: 576 | I15: 580 | J15: 579 | K15: 1179 | L15: 576 | M15: 613
A16: E | E16: 573 | F16: 548 | H16: 901 | I16: 583 | J16: 574 | K16: 585 | L16: 579 | M16: 942
A17: F | E17: 564 | F17: 569 | H17: 907 | I17: 579 | J17: 587 | K17: 581 | L17: 541 | M17: 938
A18: G | E18: 569 | F18: 564 | H18: 956 | I18: 581 | J18: 578 | K18: 579 | L18: 572 | M18: 941
A19: H | E19: 558 | F19: 572 | H19: 925 | I19: 599 | J19: 579 | K19: 586 | L19: 583 | M19: 936

Sheet Result
B2: =AVERAGE('R1'!H12,'R2'!H12,'R3'!H12) -> 596.33333 | C2: =AVERAGE('R1'!I12,'R2'!I12,'R3'!I12) -> 602.33333 | D2: =AVERAGE('R1'!J12,'R2'!J12,'R3'!J12) -> 604.66667 | E2: =AVERAGE('R1'!K12,'R2'!K12,'R3'!K12) -> 1198.6667 | F2: =AVERAGE('R1'!L12,'R2'!L12,'R3'!L12) -> 579 | G2: =AVERAGE('R1'!M12,'R2'!M12,'R3'!M12) -> 579.66667 | I2: =AVERAGE('R1'!E12,'R2'!E12,'R3'!E12) -> 566 | J2: =AVERAGE('R1'!F12,'R2'!F12,'R3'!F12) -> 564.66667
B3: =AVERAGE('R1'!H13,'R2'!H13,'R3'!H13) -> 590.33333 | C3: =AVERAGE('R1'!I13,'R2'!I13,'R3'!I13) -> 593 | D3: =AVERAGE('R1'!J13,'R2'!J13,'R3'!J13) -> 601.66667 | E3: =AVERAGE('R1'!K13,'R2'!K13,'R3'!K13) -> 1227 | F3: =AVERAGE('R1'!L13,'R2'!L13,'R3'!L13) -> 580.33333 | G3: =AVERAGE('R1'!M13,'R2'!M13,'R3'!M13) -> 555.66667 | I3: =AVERAGE('R1'!E13,'R2'!E13,'R3'!E13) -> 564.66667 | J3: =AVERAGE('R1'!F13,'R2'!F13,'R3'!F13) -> 566.33333
B4: =AVERAGE('R1'!H14,'R2'!H14,'R3'!H14) -> 580 | C4: =AVERAGE('R1'!I14,'R2'!I14,'R3'!I14) -> 602.33333 | D4: =AVERAGE('R1'!J14,'R2'!J14,'R3'!J14) -> 588.33333 | E4: =AVERAGE('R1'!K14,'R2'!K14,'R3'!K14) -> 1192 | F4: =AVERAGE('R1'!L14,'R2'!L14,'R3'!L14) -> 573.66667 | G4: =AVERAGE('R1'!M14,'R2'!M14,'R3'!M14) -> 579 | I4: =AVERAGE('R1'!E14,'R2'!E14,'R3'!E14) -> 570.33333 | J4: =AVERAGE('R1'!F14,'R2'!F14,'R3'!F14) -> 567.33333
B5: =AVERAGE('R1'!H15,'R2'!H15,'R3'!H15) -> 582.66667 | C5: =AVERAGE('R1'!I15,'R2'!I15,'R3'!I15) -> 587.33333 | D5: =AVERAGE('R1'!J15,'R2'!J15,'R3'!J15) -> 594.33333 | E5: =AVERAGE('R1'!K15,'R2'!K15,'R3'!K15) -> 1179 | F5: =AVERAGE('R1'!L15,'R2'!L15,'R3'!L15) -> 574.33333 | G5: =AVERAGE('R1'!M15,'R2'!M15,'R3'!M15) -> 612.33333 | I5: =AVERAGE('R1'!E15,'R2'!E15,'R3'!E15) -> 569.66667 | J5: =AVERAGE('R1'!F15,'R2'!F15,'R3'!F15) -> 564.66667
B6: =AVERAGE('R1'!H16,'R2'!H16,'R3'!H16) -> 892.33333 | C6: =AVERAGE('R1'!I16,'R2'!I16,'R3'!I16) -> 585.33333 | D6: =AVERAGE('R1'!J16,'R2'!J16,'R3'!J16) -> 579.66667 | E6: =AVERAGE('R1'!K16,'R2'!K16,'R3'!K16) -> 593 | F6: =AVERAGE('R1'!L16,'R2'!L16,'R3'!L16) -> 579.66667 | G6: =AVERAGE('R1'!M16,'R2'!M16,'R3'!M16) -> 940.66667 | I6: =AVERAGE('R1'!E16,'R2'!E16,'R3'!E16) -> 570.33333 | J6: =AVERAGE('R1'!F16,'R2'!F16,'R3'!F16) -> 550.33333
B7: =AVERAGE('R1'!H17,'R2'!H17,'R3'!H17) -> 904.33333 | C7: =AVERAGE('R1'!I17,'R2'!I17,'R3'!I17) -> 580 | D7: =AVERAGE('R1'!J17,'R2'!J17,'R3'!J17) -> 598.33333 | E7: =AVERAGE('R1'!K17,'R2'!K17,'R3'!K17) -> 592 | F7: =AVERAGE('R1'!L17,'R2'!L17,'R3'!L17) -> 534.33333 | G7: =AVERAGE('R1'!M17,'R2'!M17,'R3'!M17) -> 942.66667 | I7: =AVERAGE('R1'!E17,'R2'!E17,'R3'!E17) -> 563.33333 | J7: =AVERAGE('R1'!F17,'R2'!F17,'R3'!F17) -> 568.33333
B8: =AVERAGE('R1'!H18,'R2'!H18,'R3'!H18) -> 948 | C8: =AVERAGE('R1'!I18,'R2'!I18,'R3'!I18) -> 582.33333 | D8: =AVERAGE('R1'!J18,'R2'!J18,'R3'!J18) -> 582.33333 | E8: =AVERAGE('R1'!K18,'R2'!K18,'R3'!K18) -> 581 | F8: =AVERAGE('R1'!L18,'R2'!L18,'R3'!L18) -> 567 | G8: =AVERAGE('R1'!M18,'R2'!M18,'R3'!M18) -> 933.66667 | I8: =AVERAGE('R1'!E18,'R2'!E18,'R3'!E18) -> 568.33333 | J8: =AVERAGE('R1'!F18,'R2'!F18,'R3'!F18) -> 565.33333
B9: =AVERAGE('R1'!H19,'R2'!H19,'R3'!H19) -> 919 | C9: =AVERAGE('R1'!I19,'R2'!I19,'R3'!I19) -> 605.66667 | D9: =AVERAGE('R1'!J19,'R2'!J19,'R3'!J19) -> 579.33333 | E9: =AVERAGE('R1'!K19,'R2'!K19,'R3'!K19) -> 584 | F9: =AVERAGE('R1'!L19,'R2'!L19,'R3'!L19) -> 579.33333 | G9: =AVERAGE('R1'!M19,'R2'!M19,'R3'!M19) -> 936.66667 | I9: =AVERAGE('R1'!E19,'R2'!E19,'R3'!E19) -> 560.33333 | J9: =AVERAGE('R1'!F19,'R2'!F19,'R3'!F19) -> 569.33333
I10: =MIN(B2:J9) -> 534.33333
B11: =B2-$I$10 -> 62 | C11: =C2-$I$10 -> 68 | D11: =D2-$I$10 -> 70.333333 | E11: =E2-$I$10 -> 664.33333 | F11: =F2-$I$10 -> 44.666667 | G11: =G2-$I$10 -> 45.333333
B12: =B3-$I$10 -> 56 | C12: =C3-$I$10 -> 58.666667 | D12: =D3-$I$10 -> 67.333333 | E12: =E3-$I$10 -> 692.66667 | F12: =F3-$I$10 -> 46 | G12: =G3-$I$10 -> 21.333333
B13: =B4-$I$10 -> 45.666667 | C13: =C4-$I$10 -> 68 | D13: =D4-$I$10 -> 54 | E13: =E4-$I$10 -> 657.66667 | F13: =F4-$I$10 -> 39.333333 | G13: =G4-$I$10 -> 44.666667
B14: =B5-$I$10 -> 48.333333 | C14: =C5-$I$10 -> 53 | D14: =D5-$I$10 -> 60 | E14: =E5-$I$10 -> 644.66667 | F14: =F5-$I$10 -> 40 | G14: =G5-$I$10 -> 78
B15: =B6-$I$10 -> 358 | C15: =C6-$I$10 -> 51 | D15: =D6-$I$10 -> 45.333333 | E15: =E6-$I$10 -> 58.666667 | F15: =F6-$I$10 -> 45.333333 | G15: =G6-$I$10 -> 406.33333
B16: =B7-$I$10 -> 370 | C16: =C7-$I$10 -> 45.666667 | D16: =D7-$I$10 -> 64 | E16: =E7-$I$10 -> 57.666667 | F16: =F7-$I$10 -> 0 | G16: =G7-$I$10 -> 408.33333
B17: =B8-$I$10 -> 413.66667 | C17: =C8-$I$10 -> 48 | D17: =D8-$I$10 -> 48 | E17: =E8-$I$10 -> 46.666667 | F17: =F8-$I$10 -> 32.666667 | G17: =G8-$I$10 -> 399.33333
B18: =B9-$I$10 -> 384.66667 | C18: =C9-$I$10 -> 71.333333 | D18: =D9-$I$10 -> 45 | E18: =E9-$I$10 -> 49.666667 | F18: =F9-$I$10 -> 45 | G18: =G9-$I$10 -> 402.33333
B20: Probe1 | C20: Probe2 | D20: Probe3
A21: Buffer | B21: =AVERAGE(B11:B14) -> 53 | C21: =AVERAGE(D11:D14) -> 62.916667 | D21: =AVERAGE(F11:F14) -> 42.5
A22: Target1 | B22: =AVERAGE(B15:B18) -> 381.58333 | C22: =AVERAGE(D15:D18) -> 50.583333 | D22: =AVERAGE(F15:F18) -> 30.75
A23: Target2 | B23: =AVERAGE(C11:C14) -> 61.916667 | C23: =AVERAGE(E11:E14) -> 664.83333 | D23: =AVERAGE(G11:G14) -> 47.333333
A24: Target3 | B24: =AVERAGE(C15:C18) -> 54 | C24: =AVERAGE(E15:E18) -> 53.166667 | D24: =AVERAGE(G15:G18) -> 404.08333

Sheet Heatmap
B1: Probe1 | C1: Probe2 | D1: Probe3
A2: Buffer | B2: 53 | C2: 62.916667 | D2: 42.5
A3: Target1 | B3: 381.58333 | C3: 50.583333 | D3: 30.75
A4: Target2 | B4: 61.916667 | C4: 664.83333 | D4: 47.333333
A5: Target3 | B5: 54 | C5: 53.166667 | D5: 404.08333
