Workbook

Sheet R1
A3: User: USER | D3: Path: C:\Program Files (x86)\BMG\Omega\User\Data\ | K3: Test ID: 702
A4: Test Name: RFPSCAN | I4: Date: 8/13/2025 | K4: Time: 1:01:11 PM
A5: Fluorescence (FI)
A6: Gray fields contain unused values
B9: Raw Data (Average) (544, 590-10)
B10: 1 | C10: 2 | D10: 3 | E10: 4 | F10: 5 | G10: 6 | H10: 7 | I10: 8 | J10: 9 | K10: 10 | L10: 11 | M10: 12 | O10: Average
A11: A | O11: of all valid scan points used
A12: B | C12: 990 | D12: 806 | E12: 762 | F12: 728 | G12: 972 | H12: 970 | I12: 861 | J12: 746 | K12: 586 | L12: 571 | M12: 573
A13: C | C13: 971 | D13: 709 | E13: 710 | F13: 709 | G13: 969 | H13: 942 | I13: 881 | J13: 876 | K13: 587 | L13: 575 | M13: 571
A14: D | C14: 1034 | D14: 720 | E14: 695 | F14: 651 | G14: 983 | H14: 955 | I14: 952 | J14: 727 | K14: 572 | L14: 574 | M14: 569
A15: E | C15: 952 | D15: 703 | E15: 755 | F15: 647 | G15: 972 | H15: 952 | I15: 940 | J15: 741 | K15: 588 | L15: 569 | M15: 553
A16: F
A17: G
A18: H

Sheet R2
A3: User: USER | D3: Path: C:\Program Files (x86)\BMG\Omega\User\Data\ | K3: Test ID: 703
A4: Test Name: RFPSCAN | I4: Date: 8/13/2025 | K4: Time: 1:06:34 PM
A5: Fluorescence (FI)
A6: Gray fields contain unused values
B9: Raw Data (Average) (544, 590-10)
B10: 1 | C10: 2 | D10: 3 | E10: 4 | F10: 5 | G10: 6 | H10: 7 | I10: 8 | J10: 9 | K10: 10 | L10: 11 | M10: 12 | O10: Average
A11: A | O11: of all valid scan points used
A12: B | C12: 970 | D12: 706 | E12: 635 | F12: 630 | G12: 996 | H12: 1014 | I12: 903 | J12: 683 | K12: 577 | L12: 569 | M12: 572
A13: C | C13: 960 | D13: 695 | E13: 711 | F13: 635 | G13: 986 | H13: 958 | I13: 935 | J13: 936 | K13: 583 | L13: 570 | M13: 569
A14: D | C14: 1040 | D14: 670 | E14: 702 | F14: 605 | G14: 993 | H14: 980 | I14: 970 | J14: 707 | K14: 579 | L14: 567 | M14: 573
A15: E | C15: 965 | D15: 693 | E15: 747 | F15: 618 | G15: 983 | H15: 963 | I15: 951 | J15: 735 | K15: 589 | L15: 570 | M15: 555
A16: F
A17: G
A18: H

Sheet R3
A3: User: USER | D3: Path: C:\Program Files (x86)\BMG\Omega\User\Data\ | K3: Test ID: 704
A4: Test Name: RFPSCAN | I4: Date: 8/13/2025 | K4: Time: 1:14:32 PM
A5: Fluorescence (FI)
A6: Gray fields contain unused values
B9: Raw Data (Average) (544, 590-10)
B10: 1 | C10: 2 | D10: 3 | E10: 4 | F10: 5 | G10: 6 | H10: 7 | I10: 8 | J10: 9 | K10: 10 | L10: 11 | M10: 12 | O10: Average
A11: A | O11: of all valid scan points used
A12: B | C12: 987 | D12: 717 | E12: 634 | F12: 617 | G12: 1008 | H12: 1030 | I12: 909 | J12: 689 | K12: 582 | L12: 577 | M12: 575
A13: C | C13: 983 | D13: 704 | E13: 733 | F13: 627 | G13: 1006 | H13: 969 | I13: 942 | J13: 939 | K13: 584 | L13: 575 | M13: 563
A14: D | C14: 1051 | D14: 655 | E14: 717 | F14: 600 | G14: 996 | H14: 986 | I14: 975 | J14: 710 | K14: 580 | L14: 574 | M14: 573
A15: E | C15: 972 | D15: 718 | E15: 728 | F15: 622 | G15: 982 | H15: 957 | I15: 953 | J15: 734 | K15: 587 | L15: 574 | M15: 557
A16: F
A17: G
A18: H

Sheet Result
B2: =AVERAGE('R1'!C12,'R2'!C12,'R3'!C12) -> 982.33333 | C2: =AVERAGE('R1'!D12,'R2'!D12,'R3'!D12) -> 743 | D2: =AVERAGE('R1'!E12,'R2'!E12,'R3'!E12) -> 677 | E2: =AVERAGE('R1'!F12,'R2'!F12,'R3'!F12) -> 658.33333 | F2: =AVERAGE('R1'!G12,'R2'!G12,'R3'!G12) -> 992 | G2: =AVERAGE('R1'!H12,'R2'!H12,'R3'!H12) -> 1004.6667 | H2: =AVERAGE('R1'!I12,'R2'!I12,'R3'!I12) -> 891 | I2: =AVERAGE('R1'!J12,'R2'!J12,'R3'!J12) -> 706 | ... L2: =AVERAGE('R1'!M12,'R2'!M12,'R3'!M12) -> 573.33333
B3: =AVERAGE('R1'!C13,'R2'!C13,'R3'!C13) -> 971.33333 | C3: =AVERAGE('R1'!D13,'R2'!D13,'R3'!D13) -> 702.66667 | D3: =AVERAGE('R1'!E13,'R2'!E13,'R3'!E13) -> 718 | E3: =AVERAGE('R1'!F13,'R2'!F13,'R3'!F13) -> 657 | F3: =AVERAGE('R1'!G13,'R2'!G13,'R3'!G13) -> 987 | G3: =AVERAGE('R1'!H13,'R2'!H13,'R3'!H13) -> 956.33333 | H3: =AVERAGE('R1'!I13,'R2'!I13,'R3'!I13) -> 919.33333 | I3: =AVERAGE('R1'!J13,'R2'!J13,'R3'!J13) -> 917 | ... L3: =AVERAGE('R1'!M13,'R2'!M13,'R3'!M13) -> 567.66667 | O3: 30.842228 | P3: 22.124647 | Q3: 23.928568 | R3: 17.313089 | S3: 5.057997 | T3: 19.534869 | U3: 28.402856 | V3: 86.414497 | W3: 4.044887
B4: =AVERAGE('R1'!C14,'R2'!C14,'R3'!C14) -> 1041.6667 | C4: =AVERAGE('R1'!D14,'R2'!D14,'R3'!D14) -> 681.66667 | D4: =AVERAGE('R1'!E14,'R2'!E14,'R3'!E14) -> 704.66667 | E4: =AVERAGE('R1'!F14,'R2'!F14,'R3'!F14) -> 618.66667 | F4: =AVERAGE('R1'!G14,'R2'!G14,'R3'!G14) -> 990.66667 | G4: =AVERAGE('R1'!H14,'R2'!H14,'R3'!H14) -> 973.66667 | H4: =AVERAGE('R1'!I14,'R2'!I14,'R3'!I14) -> 965.66667 | I4: =AVERAGE('R1'!J14,'R2'!J14,'R3'!J14) -> 714.66667 | ... L4: =AVERAGE('R1'!M14,'R2'!M14,'R3'!M14) -> 571.66667 | O4: 30.842228 | P4: 22.124647 | Q4: 23.928568 | R4: 17.313089 | S4: 5.057997 | T4: 19.534869 | U4: 28.402856 | V4: 12.908032 | W4: 4.044887
B5: =AVERAGE('R1'!C15,'R2'!C15,'R3'!C15) -> 963 | C5: =AVERAGE('R1'!D15,'R2'!D15,'R3'!D15) -> 704.66667 | D5: =AVERAGE('R1'!E15,'R2'!E15,'R3'!E15) -> 743.33333 | E5: =AVERAGE('R1'!F15,'R2'!F15,'R3'!F15) -> 629 | F5: =AVERAGE('R1'!G15,'R2'!G15,'R3'!G15) -> 979 | G5: =AVERAGE('R1'!H15,'R2'!H15,'R3'!H15) -> 957.33333 | H5: =AVERAGE('R1'!I15,'R2'!I15,'R3'!I15) -> 948 | I5: =AVERAGE('R1'!J15,'R2'!J15,'R3'!J15) -> 736.66667 | ... L5: =AVERAGE('R1'!M15,'R2'!M15,'R3'!M15) -> 555
N6: 30.842228 | P6: 30.842228
B7: =B2-$K$7 -> 427.33333 | C7: =C2-$K$7 -> 188 | D7: =D2-$K$7 -> 122 | E7: =E2-$K$7 -> 103.33333 | F7: =F2-$K$7 -> 437 | G7: =G2-$K$7 -> 449.66667 | H7: =H2-$K$7 -> 336 | I7: =I2-$K$7 -> 151 | J7: =J2-$K$7 -> 26.666667 | K7: =MIN(K2:L5) -> 555 | N7: 22.124647 | P7: 22.124647
B8: =B3-$K$7 -> 416.33333 | C8: =C3-$K$7 -> 147.66667 | D8: =D3-$K$7 -> 163 | E8: =E3-$K$7 -> 102 | F8: =F3-$K$7 -> 432 | G8: =G3-$K$7 -> 401.33333 | H8: =H3-$K$7 -> 364.33333 | I8: =I3-$K$7 -> 362 | J8: =J3-$K$7 -> 29.666667 | N8: 23.928568 | P8: 23.928568
B9: =B4-$K$7 -> 486.66667 | C9: =C4-$K$7 -> 126.66667 | D9: =D4-$K$7 -> 149.66667 | E9: =E4-$K$7 -> 63.666667 | F9: =F4-$K$7 -> 435.66667 | G9: =G4-$K$7 -> 418.66667 | H9: =H4-$K$7 -> 410.66667 | I9: =I4-$K$7 -> 159.66667 | J9: =J4-$K$7 -> 22 | N9: 17.313089 | P9: 17.313089
B10: =B5-$K$7 -> 408 | C10: =C5-$K$7 -> 149.66667 | D10: =D5-$K$7 -> 188.33333 | E10: =E5-$K$7 -> 74 | F10: =F5-$K$7 -> 424 | G10: =G5-$K$7 -> 402.33333 | H10: =H5-$K$7 -> 393 | I10: =I5-$K$7 -> 181.66667 | J10: =J5-$K$7 -> 33 | N10: 5.057997 | P10: 5.057997
N11: 19.534869 | P11: 19.534869
B12: =AVERAGE(B7:B10) -> 434.58333 | C12: =AVERAGE(C7:C10) -> 153 | D12: =AVERAGE(D7:D10) -> 155.75 | E12: =AVERAGE(E7:E10) -> 85.75 | F12: =AVERAGE(F7:F10) -> 432.16667 | G12: =AVERAGE(G7:G10) -> 418 | H12: =AVERAGE(H7:H10) -> 376 | I12: =AVERAGE(I7:I10) -> 213.58333 | J12: =AVERAGE(J7:J10) -> 27.833333 | N12: 28.402856 | P12: 28.402856
B13: =_xlfn.STDEV.P(B7:B10) -> 30.842228 | C13: =_xlfn.STDEV.P(C7:C10) -> 22.124647 | D13: =_xlfn.STDEV.P(D7:D10) -> 23.928568 | E13: =_xlfn.STDEV.P(E7:E10) -> 17.313089 | F13: =_xlfn.STDEV.P(F7:F10) -> 5.057997 | G13: =_xlfn.STDEV.P(G7:G10) -> 19.534869 | H13: =_xlfn.STDEV.P(H7:H10) -> 28.402856 | I13: =_xlfn.STDEV.P(I7:I10) -> 86.414497 | J13: =_xlfn.STDEV.P(J7:J10) -> 4.044887 | N13: 86.414497 | P13: 12.908032
B14: =AVERAGE(B7:B10) -> 434.58333 | C14: =AVERAGE(C7:C10) -> 153 | D14: =AVERAGE(D7:D10) -> 155.75 | E14: =AVERAGE(E7:E10) -> 85.75 | F14: =AVERAGE(F7:F10) -> 432.16667 | G14: =AVERAGE(G7:G10) -> 418 | H14: =AVERAGE(H7:H10) -> 376 | I14: =AVERAGE(I7,I9:I10) -> 164.11111 | J14: =AVERAGE(J7:J10) -> 27.833333 | N14: 4.044887 | P14: 4.044887
B15: =_xlfn.STDEV.P(B7:B10) -> 30.842228 | C15: =_xlfn.STDEV.P(C7:C10) -> 22.124647 | D15: =_xlfn.STDEV.P(D7:D10) -> 23.928568 | E15: =_xlfn.STDEV.P(E7:E10) -> 17.313089 | F15: =_xlfn.STDEV.P(F7:F10) -> 5.057997 | G15: =_xlfn.STDEV.P(G7:G10) -> 19.534869 | H15: =_xlfn.STDEV.P(H7:H10) -> 28.402856 | I15: =_xlfn.STDEV.P(I9:I10,I7) -> 12.908032 | J15: =_xlfn.STDEV.P(J7:J10) -> 4.044887

Sheet Plots
B1: intensity | C1: STD | D1: intensity_w/o_outlier | E1: STD2
A2: All Match | B2: 434.58333 | C2: 30.842228 | D2: 434.58333 | E2: 30.842228
A3: 2 bp | B3: 153 | C3: 22.124647 | D3: 153 | E3: 22.124647
A4: 4 bp | B4: 155.75 | C4: 23.928568 | D4: 155.75 | E4: 23.928568
A5: 6 bp | B5: 85.75 | C5: 17.313089 | D5: 85.75 | E5: 17.313089
A6: 2 bp | B6: 432.16667 | C6: 5.057997 | D6: 432.16667 | E6: 5.057997
A7: 4 bp | B7: 418 | C7: 19.534869 | D7: 418 | E7: 19.534869
A8: 6 bp | B8: 376 | C8: 28.402856 | D8: 376 | E8: 28.402856
A9: Buffer | B9: 27.833333 | C9: 4.044887 | D9: 27.833333 | E9: 4.044887
B10: =B3/B2 -> 0.35206136
B11: =B4/B2 -> 0.35838926
B12: =B5/B2 -> 0.19731544
B13: =B6/B2 -> 0.99443912
B14: =B7/B2 -> 0.96184084
B15: =B8/B2 -> 0.86519655

Sheet Sheet2
